,0,0,0,1,1,1,2,2,2,3,3,3,4,4,4
,residue_num,residues,fold_flg22_fls2ecto_full_data_0_reciprocal_min,residue_num,residues,fold_flg22_fls2ecto_full_data_1_reciprocal_min,residue_num,residues,fold_flg22_fls2ecto_full_data_2_reciprocal_min,residue_num,residues,fold_flg22_fls2ecto_full_data_3_reciprocal_min,residue_num,residues,fold_flg22_fls2ecto_full_data_4_reciprocal_min
0,1,Q,3.93,1,Q,4.03,1,Q,4.26,1,Q,4.49,1,Q,4.76
1,2,R,3.24,2,R,3.43,2,R,3.62,2,R,3.78,2,R,3.94
2,3,L,2.4,3,L,2.48,3,L,2.47,3,L,2.52,3,L,2.45
3,4,S,2.83,4,S,3.0,4,S,3.13,4,S,3.47,4,S,4.07
4,5,T,3.64,5,T,3.88,5,T,4.14,5,T,4.49,5,T,4.58
5,6,G,3.69,6,G,3.74,6,G,3.99,6,G,4.62,6,G,4.49
6,7,S,4.57,7,S,4.61,7,S,4.78,7,S,5.57,7,S,5.27
7,8,R,2.89,8,R,2.85,8,R,2.92,8,R,3.42,8,R,3.25
8,9,I,2.65,9,I,2.74,9,I,2.71,9,I,2.76,9,I,2.78
9,10,N,2.5,10,N,2.5,10,N,2.54,10,N,2.69,10,N,2.59
10,11,S,2.78,11,S,2.82,11,S,2.76,11,S,2.97,11,S,2.87
11,12,A,2.55,12,A,2.52,12,A,2.51,12,A,2.65,12,A,2.63
12,13,K,2.19,13,K,2.2,13,K,2.28,13,K,2.17,13,K,2.19
13,14,D,2.0,14,D,2.06,14,D,2.0,14,D,2.05,14,D,2.02
14,15,D,2.01,15,D,2.06,15,D,2.13,15,D,2.06,15,D,2.04
15,16,A,3.18,16,A,3.54,16,A,3.3,16,A,3.15,16,A,3.31
16,17,A,6.09,17,A,6.17,17,A,6.19,17,A,6.07,17,A,6.19
17,18,G,6.15,18,G,6.41,18,G,6.54,18,G,6.15,18,G,6.31
18,19,L,6.49,19,L,6.76,19,L,7.02,19,L,6.55,19,L,6.59
19,20,Q,7.64,20,Q,7.81,20,Q,7.99,20,Q,7.66,20,Q,7.85
20,21,I,8.85,21,I,9.11,21,I,9.11,21,I,8.69,21,I,9.2
21,22,A,10.21,22,A,10.82,22,A,10.82,22,A,10.77,22,A,10.36
